,Timestamp,personCount,Interval,Sensor
0,2022-10-18 07:00:00,0.0,0,NoS
1,2022-10-18 07:01:00,0.0,1,NoS
2,2022-10-18 07:02:00,0.0,2,NoS
3,2022-10-18 07:03:00,0.0,3,NoS
4,2022-10-18 07:04:00,0.0,4,NoS
5,2022-10-18 07:05:00,0.0,5,NoS
6,2022-10-18 07:06:00,0.0,6,NoS
7,2022-10-18 07:07:00,0.0,7,NoS
8,2022-10-18 07:08:00,0.0,8,NoS
9,2022-10-18 07:09:00,0.0,9,NoS
10,2022-10-18 07:10:00,0.0,10,NoS
11,2022-10-18 07:11:00,0.0,11,NoS
12,2022-10-18 07:12:00,0.0,12,NoS
13,2022-10-18 07:13:00,0.0,13,NoS
14,2022-10-18 07:14:00,0.0,14,NoS
15,2022-10-18 07:15:00,0.0,15,NoS
16,2022-10-18 07:16:00,0.0,16,NoS
17,2022-10-18 07:17:00,0.0,17,NoS
18,2022-10-18 07:18:00,0.0,18,NoS
19,2022-10-18 07:19:00,0.0,19,NoS
20,2022-10-18 07:20:00,0.0,20,NoS
21,2022-10-18 07:21:00,0.0,21,NoS
22,2022-10-18 07:22:00,0.0,22,NoS
23,2022-10-18 07:23:00,0.0,23,NoS
24,2022-10-18 07:24:00,0.0,24,NoS
25,2022-10-18 07:25:00,0.0,25,NoS
26,2022-10-18 07:26:00,0.0,26,NoS
27,2022-10-18 07:27:00,0.0,27,NoS
28,2022-10-18 07:28:00,0.0,28,NoS
29,2022-10-18 07:29:00,0.0,29,NoS
30,2022-10-18 07:30:00,0.0,30,NoS
31,2022-10-18 07:31:00,0.0,31,NoS
32,2022-10-18 07:32:00,2.0,32,Left
33,2022-10-18 07:33:00,2.0,33,Left
34,2022-10-18 07:34:00,2.0,34,Left
35,2022-10-18 07:35:00,3.0,35,Left
36,2022-10-18 07:36:00,3.0,36,Left
37,2022-10-18 07:37:00,3.0,37,Left
38,2022-10-18 07:38:00,4.0,38,Left
39,2022-10-18 07:39:00,4.0,39,Left
40,2022-10-18 07:40:00,4.0,40,Left
41,2022-10-18 07:41:00,4.0,41,Left
42,2022-10-18 07:42:00,4.0,42,Left
43,2022-10-18 07:43:00,4.0,43,Left
44,2022-10-18 07:44:00,4.0,44,Left
45,2022-10-18 07:45:00,3.0,45,Right
46,2022-10-18 07:46:00,3.0,46,Right
47,2022-10-18 07:47:00,4.0,47,Left
48,2022-10-18 07:48:00,4.0,48,Left
49,2022-10-18 07:49:00,4.0,49,Left
50,2022-10-18 07:50:00,4.0,50,Left
51,2022-10-18 07:51:00,4.0,51,Left
52,2022-10-18 07:52:00,4.0,52,Left
53,2022-10-18 07:53:00,4.0,53,Left
54,2022-10-18 07:54:00,4.0,54,Left
55,2022-10-18 07:55:00,4.0,55,Left
56,2022-10-18 07:56:00,4.0,56,Left
57,2022-10-18 07:57:00,4.0,57,Left
58,2022-10-18 07:58:00,4.0,58,Left
59,2022-10-18 07:59:00,4.0,59,Left
60,2022-10-18 08:00:00,4.0,60,Left
61,2022-10-18 08:01:00,4.0,61,Left
62,2022-10-18 08:02:00,4.0,62,Left
63,2022-10-18 08:03:00,4.0,63,Right
64,2022-10-18 08:04:00,5.0,64,Right
65,2022-10-18 08:05:00,5.0,65,Right
66,2022-10-18 08:06:00,5.0,66,Right
67,2022-10-18 08:07:00,5.0,67,Right
68,2022-10-18 08:08:00,5.0,68,Right
69,2022-10-18 08:09:00,5.0,69,Right
70,2022-10-18 08:10:00,5.0,70,Right
71,2022-10-18 08:11:00,5.0,71,Right
72,2022-10-18 08:12:00,5.0,72,Right
73,2022-10-18 08:13:00,5.0,73,Left
74,2022-10-18 08:14:00,5.0,74,Left
75,2022-10-18 08:15:00,5.0,75,Left
76,2022-10-18 08:16:00,5.0,76,Left
77,2022-10-18 08:17:00,5.0,77,Left
78,2022-10-18 08:18:00,5.0,78,Left
79,2022-10-18 08:19:00,5.0,79,Left
80,2022-10-18 08:20:00,5.0,80,Left
81,2022-10-18 08:21:00,5.0,81,Left
82,2022-10-18 08:22:00,5.0,82,Left
83,2022-10-18 08:23:00,5.0,83,Left
84,2022-10-18 08:24:00,5.0,84,Left
85,2022-10-18 08:25:00,5.0,85,Left
86,2022-10-18 08:26:00,5.0,86,Left
87,2022-10-18 08:27:00,5.0,87,Left
88,2022-10-18 08:28:00,5.0,88,Left
89,2022-10-18 08:29:00,5.0,89,Left
90,2022-10-18 08:30:00,7.0,90,Right
91,2022-10-18 08:31:00,10.0,91,Right
92,2022-10-18 08:32:00,10.0,92,Right
93,2022-10-18 08:33:00,11.0,93,Left
94,2022-10-18 08:34:00,12.0,94,Right
95,2022-10-18 08:35:00,12.0,95,Right
96,2022-10-18 08:36:00,13.0,96,Left
97,2022-10-18 08:37:00,15.0,97,Right
98,2022-10-18 08:38:00,16.0,98,Right
99,2022-10-18 08:39:00,17.0,99,Left
100,2022-10-18 08:40:00,16.0,100,Right
101,2022-10-18 08:41:00,16.0,101,Right
102,2022-10-18 08:42:00,16.0,102,Right
103,2022-10-18 08:43:00,15.0,103,Right
104,2022-10-18 08:44:00,15.0,104,Right
105,2022-10-18 08:45:00,15.0,105,Right
106,2022-10-18 08:46:00,15.0,106,Right
107,2022-10-18 08:47:00,17.0,107,Right
108,2022-10-18 08:48:00,14.0,108,Right
109,2022-10-18 08:49:00,15.0,109,Right
110,2022-10-18 08:50:00,17.0,110,Left
111,2022-10-18 08:51:00,19.0,111,Right
112,2022-10-18 08:52:00,21.0,112,Right
113,2022-10-18 08:53:00,24.0,113,Right
114,2022-10-18 08:54:00,24.0,114,Left
115,2022-10-18 08:55:00,25.0,115,Right
116,2022-10-18 08:56:00,25.0,116,Right
117,2022-10-18 08:57:00,26.0,117,Right
118,2022-10-18 08:58:00,30.0,118,Right
119,2022-10-18 08:59:00,30.0,119,Left
120,2022-10-18 09:00:00,32.0,120,Left
121,2022-10-18 09:01:00,34.0,121,Right
122,2022-10-18 09:02:00,36.0,122,Right
123,2022-10-18 09:03:00,39.0,123,Left
124,2022-10-18 09:04:00,40.0,124,Left
125,2022-10-18 09:05:00,40.0,125,Left
126,2022-10-18 09:06:00,43.0,126,Left
127,2022-10-18 09:07:00,45.0,127,Right
128,2022-10-18 09:08:00,45.0,128,Right
129,2022-10-18 09:09:00,46.0,129,Right
130,2022-10-18 09:10:00,48.0,130,Right
131,2022-10-18 09:11:00,48.0,131,Right
132,2022-10-18 09:12:00,48.0,132,Right
133,2022-10-18 09:13:00,49.0,133,Right
134,2022-10-18 09:14:00,51.0,134,Right
135,2022-10-18 09:15:00,52.0,135,Right
136,2022-10-18 09:16:00,52.0,136,Right
137,2022-10-18 09:17:00,52.0,137,Right
138,2022-10-18 09:18:00,53.0,138,Left
139,2022-10-18 09:19:00,53.0,139,Left
140,2022-10-18 09:20:00,54.0,140,Right
141,2022-10-18 09:21:00,55.0,141,Left
142,2022-10-18 09:22:00,55.0,142,Left
143,2022-10-18 09:23:00,55.0,143,Left
144,2022-10-18 09:24:00,55.0,144,Left
145,2022-10-18 09:25:00,55.0,145,Left
146,2022-10-18 09:26:00,55.0,146,Left
147,2022-10-18 09:27:00,55.0,147,Left
148,2022-10-18 09:28:00,55.0,148,Left
149,2022-10-18 09:29:00,55.0,149,Left
150,2022-10-18 09:30:00,55.0,150,Left
151,2022-10-18 09:31:00,55.0,151,Left
152,2022-10-18 09:32:00,55.0,152,Left
153,2022-10-18 09:33:00,55.0,153,Left
154,2022-10-18 09:34:00,55.0,154,Left
155,2022-10-18 09:35:00,55.0,155,Left
156,2022-10-18 09:36:00,55.0,156,Left
157,2022-10-18 09:37:00,55.0,157,Left
158,2022-10-18 09:38:00,55.0,158,Left
159,2022-10-18 09:39:00,55.0,159,Left
160,2022-10-18 09:40:00,55.0,160,Left
161,2022-10-18 09:41:00,55.0,161,Left
162,2022-10-18 09:42:00,55.0,162,Left
163,2022-10-18 09:43:00,55.0,163,Left
164,2022-10-18 09:44:00,55.0,164,Left
165,2022-10-18 09:45:00,55.0,165,Left
166,2022-10-18 09:46:00,55.0,166,Left
167,2022-10-18 09:47:00,55.0,167,Left
168,2022-10-18 09:48:00,55.0,168,Left
169,2022-10-18 09:49:00,55.0,169,Left
170,2022-10-18 09:50:00,55.0,170,Left
171,2022-10-18 09:51:00,55.0,171,Left
172,2022-10-18 09:52:00,55.0,172,Left
173,2022-10-18 09:53:00,55.0,173,Left
174,2022-10-18 09:54:00,55.0,174,Left
175,2022-10-18 09:55:00,55.0,175,Left
176,2022-10-18 09:56:00,55.0,176,Left
177,2022-10-18 09:57:00,55.0,177,Left
178,2022-10-18 09:58:00,55.0,178,Left
179,2022-10-18 09:59:00,55.0,179,Left
180,2022-10-18 10:00:00,55.0,180,Left
181,2022-10-18 10:01:00,55.0,181,Left
182,2022-10-18 10:02:00,55.0,182,Left
183,2022-10-18 10:03:00,55.0,183,Left
184,2022-10-18 10:04:00,55.0,184,Left
185,2022-10-18 10:05:00,55.0,185,Left
186,2022-10-18 10:06:00,55.0,186,Left
187,2022-10-18 10:07:00,55.0,187,Left
188,2022-10-18 10:08:00,55.0,188,Left
189,2022-10-18 10:09:00,55.0,189,Left
190,2022-10-18 10:10:00,55.0,190,Left
191,2022-10-18 10:11:00,55.0,191,Left
192,2022-10-18 10:12:00,55.0,192,Left
193,2022-10-18 10:13:00,55.0,193,Left
194,2022-10-18 10:14:00,55.0,194,Left
195,2022-10-18 10:15:00,55.0,195,Left
196,2022-10-18 10:16:00,55.0,196,Left
197,2022-10-18 10:17:00,55.0,197,Left
198,2022-10-18 10:18:00,55.0,198,Left
199,2022-10-18 10:19:00,55.0,199,Left
200,2022-10-18 10:20:00,55.0,200,Left
201,2022-10-18 10:21:00,55.0,201,Left
202,2022-10-18 10:22:00,55.0,202,Left
203,2022-10-18 10:23:00,55.0,203,Left
204,2022-10-18 10:24:00,55.0,204,Left
205,2022-10-18 10:25:00,55.0,205,Left
206,2022-10-18 10:26:00,55.0,206,Left
207,2022-10-18 10:27:00,55.0,207,Left
208,2022-10-18 10:28:00,55.0,208,Left
209,2022-10-18 10:29:00,55.0,209,Left
210,2022-10-18 10:30:00,55.0,210,Left
211,2022-10-18 10:31:00,55.0,211,Left
212,2022-10-18 10:32:00,55.0,212,Left
213,2022-10-18 10:33:00,55.0,213,Left
214,2022-10-18 10:34:00,55.0,214,Left
215,2022-10-18 10:35:00,55.0,215,Left
216,2022-10-18 10:36:00,55.0,216,Left
217,2022-10-18 10:37:00,55.0,217,Left
218,2022-10-18 10:38:00,55.0,218,Left
219,2022-10-18 10:39:00,55.0,219,Left
220,2022-10-18 10:40:00,55.0,220,Left
221,2022-10-18 10:41:00,55.0,221,Left
222,2022-10-18 10:42:00,55.0,222,Left
223,2022-10-18 10:43:00,55.0,223,Left
224,2022-10-18 10:44:00,55.0,224,Left
225,2022-10-18 10:45:00,55.0,225,Left
226,2022-10-18 10:46:00,55.0,226,Left
227,2022-10-18 10:47:00,55.0,227,Left
228,2022-10-18 10:48:00,55.0,228,Left
229,2022-10-18 10:49:00,55.0,229,Left
230,2022-10-18 10:50:00,55.0,230,Left
231,2022-10-18 10:51:00,55.0,231,Left
232,2022-10-18 10:52:00,55.0,232,Left
233,2022-10-18 10:53:00,55.0,233,Left
234,2022-10-18 10:54:00,55.0,234,Left
235,2022-10-18 10:55:00,55.0,235,Left
236,2022-10-18 10:56:00,55.0,236,Left
237,2022-10-18 10:57:00,55.0,237,Left
238,2022-10-18 10:58:00,55.0,238,Left
239,2022-10-18 10:59:00,55.0,239,Left
240,2022-10-18 11:00:00,55.0,240,Left
241,2022-10-18 11:01:00,55.0,241,Left
242,2022-10-18 11:02:00,55.0,242,Left
243,2022-10-18 11:03:00,55.0,243,Left
244,2022-10-18 11:04:00,55.0,244,Left
245,2022-10-18 11:05:00,55.0,245,Left
246,2022-10-18 11:06:00,55.0,246,Left
247,2022-10-18 11:07:00,55.0,247,Left
248,2022-10-18 11:08:00,55.0,248,Left
249,2022-10-18 11:09:00,55.0,249,Left
250,2022-10-18 11:10:00,55.0,250,Left
251,2022-10-18 11:11:00,55.0,251,Left
252,2022-10-18 11:12:00,55.0,252,Left
253,2022-10-18 11:13:00,55.0,253,Left
254,2022-10-18 11:14:00,55.0,254,Left
255,2022-10-18 11:15:00,55.0,255,Left
256,2022-10-18 11:16:00,55.0,256,Left
257,2022-10-18 11:17:00,55.0,257,Left
258,2022-10-18 11:18:00,55.0,258,Left
259,2022-10-18 11:19:00,55.0,259,Left
260,2022-10-18 11:20:00,55.0,260,Left
261,2022-10-18 11:21:00,55.0,261,Left
262,2022-10-18 11:22:00,55.0,262,Left
263,2022-10-18 11:23:00,55.0,263,Left
264,2022-10-18 11:24:00,55.0,264,Left
265,2022-10-18 11:25:00,55.0,265,Left
266,2022-10-18 11:26:00,55.0,266,Left
267,2022-10-18 11:27:00,55.0,267,Left
268,2022-10-18 11:28:00,55.0,268,Left
269,2022-10-18 11:29:00,55.0,269,Left
270,2022-10-18 11:30:00,55.0,270,Left
271,2022-10-18 11:31:00,55.0,271,Left
272,2022-10-18 11:32:00,55.0,272,Left
273,2022-10-18 11:33:00,55.0,273,Left
274,2022-10-18 11:34:00,55.0,274,Left
275,2022-10-18 11:35:00,55.0,275,Left
276,2022-10-18 11:36:00,55.0,276,Left
277,2022-10-18 11:37:00,55.0,277,Left
278,2022-10-18 11:38:00,55.0,278,Left
279,2022-10-18 11:39:00,55.0,279,Left
280,2022-10-18 11:40:00,55.0,280,Left
281,2022-10-18 11:41:00,55.0,281,Left
282,2022-10-18 11:42:00,55.0,282,Left
283,2022-10-18 11:43:00,55.0,283,Left
284,2022-10-18 11:44:00,55.0,284,Left
285,2022-10-18 11:45:00,55.0,285,Left
286,2022-10-18 11:46:00,55.0,286,Left
287,2022-10-18 11:47:00,55.0,287,Left
288,2022-10-18 11:48:00,55.0,288,Left
289,2022-10-18 11:49:00,55.0,289,Left
290,2022-10-18 11:50:00,55.0,290,Left
291,2022-10-18 11:51:00,55.0,291,Left
292,2022-10-18 11:52:00,55.0,292,Left
293,2022-10-18 11:53:00,55.0,293,Left
294,2022-10-18 11:54:00,55.0,294,Left
295,2022-10-18 11:55:00,55.0,295,Left
296,2022-10-18 11:56:00,55.0,296,Left
297,2022-10-18 11:57:00,55.0,297,Left
298,2022-10-18 11:58:00,55.0,298,Left
299,2022-10-18 11:59:00,55.0,299,Left
300,2022-10-18 12:00:00,55.0,300,Left
301,2022-10-18 12:01:00,55.0,301,Left
302,2022-10-18 12:02:00,55.0,302,Left
303,2022-10-18 12:03:00,55.0,303,Left
304,2022-10-18 12:04:00,55.0,304,Left
305,2022-10-18 12:05:00,55.0,305,Left
306,2022-10-18 12:06:00,55.0,306,Left
307,2022-10-18 12:07:00,55.0,307,Left
308,2022-10-18 12:08:00,55.0,308,Left
309,2022-10-18 12:09:00,55.0,309,Left
310,2022-10-18 12:10:00,55.0,310,Left
311,2022-10-18 12:11:00,55.0,311,Left
312,2022-10-18 12:12:00,55.0,312,Left
313,2022-10-18 12:13:00,55.0,313,Left
314,2022-10-18 12:14:00,55.0,314,Left
315,2022-10-18 12:15:00,55.0,315,Left
316,2022-10-18 12:16:00,55.0,316,Left
317,2022-10-18 12:17:00,55.0,317,Left
318,2022-10-18 12:18:00,55.0,318,Left
319,2022-10-18 12:19:00,55.0,319,Left
320,2022-10-18 12:20:00,55.0,320,Left
321,2022-10-18 12:21:00,55.0,321,Left
322,2022-10-18 12:22:00,55.0,322,Left
323,2022-10-18 12:23:00,55.0,323,Left
324,2022-10-18 12:24:00,55.0,324,Left
325,2022-10-18 12:25:00,55.0,325,Left
326,2022-10-18 12:26:00,55.0,326,Left
327,2022-10-18 12:27:00,55.0,327,Left
328,2022-10-18 12:28:00,55.0,328,Left
329,2022-10-18 12:29:00,55.0,329,Left
330,2022-10-18 12:30:00,55.0,330,Left
331,2022-10-18 12:31:00,55.0,331,Left
332,2022-10-18 12:32:00,55.0,332,Left
333,2022-10-18 12:33:00,55.0,333,Left
334,2022-10-18 12:34:00,55.0,334,Left
335,2022-10-18 12:35:00,55.0,335,Left
336,2022-10-18 12:36:00,55.0,336,Left
337,2022-10-18 12:37:00,55.0,337,Left
338,2022-10-18 12:38:00,55.0,338,Left
339,2022-10-18 12:39:00,55.0,339,Left
340,2022-10-18 12:40:00,55.0,340,Left
341,2022-10-18 12:41:00,55.0,341,Left
342,2022-10-18 12:42:00,55.0,342,Left
343,2022-10-18 12:43:00,55.0,343,Left
344,2022-10-18 12:44:00,55.0,344,Left
345,2022-10-18 12:45:00,55.0,345,Left
346,2022-10-18 12:46:00,55.0,346,Left
347,2022-10-18 12:47:00,55.0,347,Left
348,2022-10-18 12:48:00,55.0,348,Left
349,2022-10-18 12:49:00,55.0,349,Left
350,2022-10-18 12:50:00,55.0,350,Left
351,2022-10-18 12:51:00,55.0,351,Left
352,2022-10-18 12:52:00,55.0,352,Left
353,2022-10-18 12:53:00,55.0,353,Left
354,2022-10-18 12:54:00,55.0,354,Left
355,2022-10-18 12:55:00,55.0,355,Left
356,2022-10-18 12:56:00,55.0,356,Left
357,2022-10-18 12:57:00,55.0,357,Left
358,2022-10-18 12:58:00,55.0,358,Left
359,2022-10-18 12:59:00,55.0,359,Left
360,2022-10-18 13:00:00,55.0,360,Left
361,2022-10-18 13:01:00,55.0,361,Left
362,2022-10-18 13:02:00,55.0,362,Left
363,2022-10-18 13:03:00,55.0,363,Left
364,2022-10-18 13:04:00,55.0,364,Left
365,2022-10-18 13:05:00,55.0,365,Left
366,2022-10-18 13:06:00,55.0,366,Left
367,2022-10-18 13:07:00,55.0,367,Left
368,2022-10-18 13:08:00,55.0,368,Left
369,2022-10-18 13:09:00,55.0,369,Left
370,2022-10-18 13:10:00,55.0,370,Left
371,2022-10-18 13:11:00,55.0,371,Left
372,2022-10-18 13:12:00,55.0,372,Left
373,2022-10-18 13:13:00,55.0,373,Left
374,2022-10-18 13:14:00,55.0,374,Left
375,2022-10-18 13:15:00,55.0,375,Left
376,2022-10-18 13:16:00,55.0,376,Left
377,2022-10-18 13:17:00,55.0,377,Left
378,2022-10-18 13:18:00,55.0,378,Left
379,2022-10-18 13:19:00,55.0,379,Left
380,2022-10-18 13:20:00,55.0,380,Left
381,2022-10-18 13:21:00,55.0,381,Left
382,2022-10-18 13:22:00,55.0,382,Left
383,2022-10-18 13:23:00,55.0,383,Left
384,2022-10-18 13:24:00,55.0,384,Left
385,2022-10-18 13:25:00,55.0,385,Left
386,2022-10-18 13:26:00,55.0,386,Left
387,2022-10-18 13:27:00,55.0,387,Left
388,2022-10-18 13:28:00,55.0,388,Left
389,2022-10-18 13:29:00,55.0,389,Left
390,2022-10-18 13:30:00,55.0,390,Left
391,2022-10-18 13:31:00,55.0,391,Left
392,2022-10-18 13:32:00,55.0,392,Left
393,2022-10-18 13:33:00,55.0,393,Left
394,2022-10-18 13:34:00,55.0,394,Left
395,2022-10-18 13:35:00,55.0,395,Left
396,2022-10-18 13:36:00,55.0,396,Left
397,2022-10-18 13:37:00,55.0,397,Left
398,2022-10-18 13:38:00,55.0,398,Left
399,2022-10-18 13:39:00,55.0,399,Left
400,2022-10-18 13:40:00,55.0,400,Left
401,2022-10-18 13:41:00,55.0,401,Left
402,2022-10-18 13:42:00,55.0,402,Left
403,2022-10-18 13:43:00,55.0,403,Left
404,2022-10-18 13:44:00,55.0,404,Left
405,2022-10-18 13:45:00,55.0,405,Left
406,2022-10-18 13:46:00,55.0,406,Left
407,2022-10-18 13:47:00,55.0,407,Left
408,2022-10-18 13:48:00,55.0,408,Left
409,2022-10-18 13:49:00,55.0,409,Left
410,2022-10-18 13:50:00,55.0,410,Left
411,2022-10-18 13:51:00,55.0,411,Left
412,2022-10-18 13:52:00,55.0,412,Left
413,2022-10-18 13:53:00,55.0,413,Left
414,2022-10-18 13:54:00,55.0,414,Left
415,2022-10-18 13:55:00,55.0,415,Left
416,2022-10-18 13:56:00,55.0,416,Left
417,2022-10-18 13:57:00,55.0,417,Left
418,2022-10-18 13:58:00,55.0,418,Left
419,2022-10-18 13:59:00,55.0,419,Left
420,2022-10-18 14:00:00,55.0,420,Left
421,2022-10-18 14:01:00,55.0,421,Left
422,2022-10-18 14:02:00,55.0,422,Left
423,2022-10-18 14:03:00,55.0,423,Left
424,2022-10-18 14:04:00,55.0,424,Left
425,2022-10-18 14:05:00,55.0,425,Left
426,2022-10-18 14:06:00,55.0,426,Left
427,2022-10-18 14:07:00,55.0,427,Left
428,2022-10-18 14:08:00,55.0,428,Left
429,2022-10-18 14:09:00,55.0,429,Left
430,2022-10-18 14:10:00,55.0,430,Left
431,2022-10-18 14:11:00,55.0,431,Left
432,2022-10-18 14:12:00,55.0,432,Left
433,2022-10-18 14:13:00,55.0,433,Left
434,2022-10-18 14:14:00,55.0,434,Left
435,2022-10-18 14:15:00,55.0,435,Left
436,2022-10-18 14:16:00,55.0,436,Left
437,2022-10-18 14:17:00,55.0,437,Left
438,2022-10-18 14:18:00,55.0,438,Left
439,2022-10-18 14:19:00,55.0,439,Left
440,2022-10-18 14:20:00,55.0,440,Left
441,2022-10-18 14:21:00,55.0,441,Left
442,2022-10-18 14:22:00,55.0,442,Left
443,2022-10-18 14:23:00,55.0,443,Left
444,2022-10-18 14:24:00,55.0,444,Left
445,2022-10-18 14:25:00,55.0,445,Left
446,2022-10-18 14:26:00,55.0,446,Left
447,2022-10-18 14:27:00,55.0,447,Left
448,2022-10-18 14:28:00,55.0,448,Left
449,2022-10-18 14:29:00,55.0,449,Left
450,2022-10-18 14:30:00,55.0,450,Left
451,2022-10-18 14:31:00,55.0,451,Left
452,2022-10-18 14:32:00,55.0,452,Left
453,2022-10-18 14:33:00,55.0,453,Left
454,2022-10-18 14:34:00,55.0,454,Left
455,2022-10-18 14:35:00,55.0,455,Left
456,2022-10-18 14:36:00,55.0,456,Left
457,2022-10-18 14:37:00,55.0,457,Left
458,2022-10-18 14:38:00,55.0,458,Left
459,2022-10-18 14:39:00,55.0,459,Left
460,2022-10-18 14:40:00,55.0,460,Left
461,2022-10-18 14:41:00,55.0,461,Left
462,2022-10-18 14:42:00,55.0,462,Left
463,2022-10-18 14:43:00,55.0,463,Left
464,2022-10-18 14:44:00,55.0,464,Left
465,2022-10-18 14:45:00,55.0,465,Left
466,2022-10-18 14:46:00,55.0,466,Left
467,2022-10-18 14:47:00,55.0,467,Left
468,2022-10-18 14:48:00,55.0,468,Left
469,2022-10-18 14:49:00,55.0,469,Left
470,2022-10-18 14:50:00,55.0,470,Left
471,2022-10-18 14:51:00,55.0,471,Left
472,2022-10-18 14:52:00,55.0,472,Left
473,2022-10-18 14:53:00,55.0,473,Left
474,2022-10-18 14:54:00,55.0,474,Left
475,2022-10-18 14:55:00,55.0,475,Left
476,2022-10-18 14:56:00,55.0,476,Left
477,2022-10-18 14:57:00,55.0,477,Left
478,2022-10-18 14:58:00,55.0,478,Left
479,2022-10-18 14:59:00,55.0,479,Left
480,2022-10-18 15:00:00,55.0,480,Left
481,2022-10-18 15:01:00,55.0,481,Left
482,2022-10-18 15:02:00,55.0,482,Left
483,2022-10-18 15:03:00,55.0,483,Left
484,2022-10-18 15:04:00,55.0,484,Left
485,2022-10-18 15:05:00,55.0,485,Left
486,2022-10-18 15:06:00,55.0,486,Left
487,2022-10-18 15:07:00,55.0,487,Left
488,2022-10-18 15:08:00,55.0,488,Left
489,2022-10-18 15:09:00,55.0,489,Left
490,2022-10-18 15:10:00,55.0,490,Left
491,2022-10-18 15:11:00,55.0,491,Left
492,2022-10-18 15:12:00,55.0,492,Left
493,2022-10-18 15:13:00,55.0,493,Left
494,2022-10-18 15:14:00,55.0,494,Left
495,2022-10-18 15:15:00,55.0,495,Left
496,2022-10-18 15:16:00,55.0,496,Left
497,2022-10-18 15:17:00,55.0,497,Left
498,2022-10-18 15:18:00,55.0,498,Left
499,2022-10-18 15:19:00,55.0,499,Left
500,2022-10-18 15:20:00,55.0,500,Left
501,2022-10-18 15:21:00,55.0,501,Left
502,2022-10-18 15:22:00,55.0,502,Left
503,2022-10-18 15:23:00,55.0,503,Left
504,2022-10-18 15:24:00,55.0,504,Left
505,2022-10-18 15:25:00,55.0,505,Left
506,2022-10-18 15:26:00,55.0,506,Left
507,2022-10-18 15:27:00,55.0,507,Left
508,2022-10-18 15:28:00,55.0,508,Left
509,2022-10-18 15:29:00,55.0,509,Left
510,2022-10-18 15:30:00,55.0,510,Left
511,2022-10-18 15:31:00,55.0,511,Left
512,2022-10-18 15:32:00,55.0,512,Left
513,2022-10-18 15:33:00,55.0,513,Left
514,2022-10-18 15:34:00,55.0,514,Left
515,2022-10-18 15:35:00,55.0,515,Left
516,2022-10-18 15:36:00,55.0,516,Left
517,2022-10-18 15:37:00,55.0,517,Left
518,2022-10-18 15:38:00,55.0,518,Left
519,2022-10-18 15:39:00,55.0,519,Left
520,2022-10-18 15:40:00,55.0,520,Left
521,2022-10-18 15:41:00,55.0,521,Left
522,2022-10-18 15:42:00,55.0,522,Left
523,2022-10-18 15:43:00,55.0,523,Left
524,2022-10-18 15:44:00,55.0,524,Left
525,2022-10-18 15:45:00,55.0,525,Left
526,2022-10-18 15:46:00,55.0,526,Left
527,2022-10-18 15:47:00,55.0,527,Left
528,2022-10-18 15:48:00,55.0,528,Left
529,2022-10-18 15:49:00,55.0,529,Left
530,2022-10-18 15:50:00,55.0,530,Left
531,2022-10-18 15:51:00,55.0,531,Left
532,2022-10-18 15:52:00,55.0,532,Left
533,2022-10-18 15:53:00,55.0,533,Left
534,2022-10-18 15:54:00,55.0,534,Left
535,2022-10-18 15:55:00,55.0,535,Left
536,2022-10-18 15:56:00,55.0,536,Left
537,2022-10-18 15:57:00,55.0,537,Left
538,2022-10-18 15:58:00,55.0,538,Left
539,2022-10-18 15:59:00,55.0,539,Left
540,2022-10-18 16:00:00,55.0,540,Left
541,2022-10-18 16:01:00,55.0,541,Left
542,2022-10-18 16:02:00,55.0,542,Left
543,2022-10-18 16:03:00,55.0,543,Left
544,2022-10-18 16:04:00,55.0,544,Left
545,2022-10-18 16:05:00,55.0,545,Left
546,2022-10-18 16:06:00,55.0,546,Left
547,2022-10-18 16:07:00,55.0,547,Left
548,2022-10-18 16:08:00,55.0,548,Left
549,2022-10-18 16:09:00,55.0,549,Left
550,2022-10-18 16:10:00,55.0,550,Left
551,2022-10-18 16:11:00,55.0,551,Left
552,2022-10-18 16:12:00,55.0,552,Left
553,2022-10-18 16:13:00,55.0,553,Left
554,2022-10-18 16:14:00,55.0,554,Left
555,2022-10-18 16:15:00,55.0,555,Left
556,2022-10-18 16:16:00,55.0,556,Left
557,2022-10-18 16:17:00,55.0,557,Left
558,2022-10-18 16:18:00,55.0,558,Left
559,2022-10-18 16:19:00,55.0,559,Left
560,2022-10-18 16:20:00,55.0,560,Left
561,2022-10-18 16:21:00,55.0,561,Left
562,2022-10-18 16:22:00,55.0,562,Left
563,2022-10-18 16:23:00,55.0,563,Left
564,2022-10-18 16:24:00,55.0,564,Left
565,2022-10-18 16:25:00,55.0,565,Left
566,2022-10-18 16:26:00,55.0,566,Left
567,2022-10-18 16:27:00,55.0,567,Left
568,2022-10-18 16:28:00,55.0,568,Left
569,2022-10-18 16:29:00,55.0,569,Left
570,2022-10-18 16:30:00,55.0,570,Left
571,2022-10-18 16:31:00,55.0,571,Left
572,2022-10-18 16:32:00,55.0,572,Left
573,2022-10-18 16:33:00,55.0,573,Left
574,2022-10-18 16:34:00,55.0,574,Left
575,2022-10-18 16:35:00,55.0,575,Left
576,2022-10-18 16:36:00,55.0,576,Left
577,2022-10-18 16:37:00,55.0,577,Left
578,2022-10-18 16:38:00,55.0,578,Left
579,2022-10-18 16:39:00,55.0,579,Left
580,2022-10-18 16:40:00,55.0,580,Left
581,2022-10-18 16:41:00,55.0,581,Left
582,2022-10-18 16:42:00,55.0,582,Left
583,2022-10-18 16:43:00,55.0,583,Left
584,2022-10-18 16:44:00,55.0,584,Left
585,2022-10-18 16:45:00,55.0,585,Left
586,2022-10-18 16:46:00,55.0,586,Left
587,2022-10-18 16:47:00,55.0,587,Left
588,2022-10-18 16:48:00,55.0,588,Left
589,2022-10-18 16:49:00,55.0,589,Left
590,2022-10-18 16:50:00,55.0,590,Left
591,2022-10-18 16:51:00,55.0,591,Left
592,2022-10-18 16:52:00,55.0,592,Left
593,2022-10-18 16:53:00,55.0,593,Left
594,2022-10-18 16:54:00,55.0,594,Left
595,2022-10-18 16:55:00,55.0,595,Left
596,2022-10-18 16:56:00,55.0,596,Left
597,2022-10-18 16:57:00,55.0,597,Left
598,2022-10-18 16:58:00,55.0,598,Left
599,2022-10-18 16:59:00,55.0,599,Left
600,2022-10-18 17:00:00,55.0,600,Left
601,2022-10-18 17:01:00,55.0,601,Left
602,2022-10-18 17:02:00,55.0,602,Left
603,2022-10-18 17:03:00,55.0,603,Left
604,2022-10-18 17:04:00,55.0,604,Left
605,2022-10-18 17:05:00,55.0,605,Left
606,2022-10-18 17:06:00,55.0,606,Left
607,2022-10-18 17:07:00,55.0,607,Left
608,2022-10-18 17:08:00,55.0,608,Left
609,2022-10-18 17:09:00,55.0,609,Left
610,2022-10-18 17:10:00,55.0,610,Left
611,2022-10-18 17:11:00,55.0,611,Left
612,2022-10-18 17:12:00,55.0,612,Left
613,2022-10-18 17:13:00,55.0,613,Left
614,2022-10-18 17:14:00,55.0,614,Left
615,2022-10-18 17:15:00,55.0,615,Left
616,2022-10-18 17:16:00,55.0,616,Left
617,2022-10-18 17:17:00,55.0,617,Left
618,2022-10-18 17:18:00,55.0,618,Left
619,2022-10-18 17:19:00,55.0,619,Left
620,2022-10-18 17:20:00,55.0,620,Left
621,2022-10-18 17:21:00,55.0,621,Left
622,2022-10-18 17:22:00,55.0,622,Left
623,2022-10-18 17:23:00,55.0,623,Left
624,2022-10-18 17:24:00,55.0,624,Left
625,2022-10-18 17:25:00,55.0,625,Left
626,2022-10-18 17:26:00,55.0,626,Left
627,2022-10-18 17:27:00,55.0,627,Left
628,2022-10-18 17:28:00,55.0,628,Left
629,2022-10-18 17:29:00,55.0,629,Left
630,2022-10-18 17:30:00,55.0,630,Left
631,2022-10-18 17:31:00,55.0,631,Left
632,2022-10-18 17:32:00,55.0,632,Left
633,2022-10-18 17:33:00,55.0,633,Left
634,2022-10-18 17:34:00,55.0,634,Left
635,2022-10-18 17:35:00,55.0,635,Left
636,2022-10-18 17:36:00,55.0,636,Left
637,2022-10-18 17:37:00,55.0,637,Left
638,2022-10-18 17:38:00,55.0,638,Left
639,2022-10-18 17:39:00,55.0,639,Left
640,2022-10-18 17:40:00,55.0,640,Left
641,2022-10-18 17:41:00,55.0,641,Left
642,2022-10-18 17:42:00,55.0,642,Left
643,2022-10-18 17:43:00,55.0,643,Left
644,2022-10-18 17:44:00,55.0,644,Left
645,2022-10-18 17:45:00,55.0,645,Left
646,2022-10-18 17:46:00,55.0,646,Left
647,2022-10-18 17:47:00,55.0,647,Left
648,2022-10-18 17:48:00,55.0,648,Left
649,2022-10-18 17:49:00,55.0,649,Left
650,2022-10-18 17:50:00,55.0,650,Left
651,2022-10-18 17:51:00,55.0,651,Left
652,2022-10-18 17:52:00,55.0,652,Left
653,2022-10-18 17:53:00,55.0,653,Left
654,2022-10-18 17:54:00,55.0,654,Left
655,2022-10-18 17:55:00,55.0,655,Left
656,2022-10-18 17:56:00,55.0,656,Left
657,2022-10-18 17:57:00,55.0,657,Left
658,2022-10-18 17:58:00,55.0,658,Left
659,2022-10-18 17:59:00,55.0,659,Left
660,2022-10-18 18:00:00,55.0,660,Left
661,2022-10-18 18:01:00,55.0,661,Left
662,2022-10-18 18:02:00,55.0,662,Left
663,2022-10-18 18:03:00,55.0,663,Left
664,2022-10-18 18:04:00,55.0,664,Left
665,2022-10-18 18:05:00,55.0,665,Left
666,2022-10-18 18:06:00,55.0,666,Left
667,2022-10-18 18:07:00,55.0,667,Left
668,2022-10-18 18:08:00,55.0,668,Left
669,2022-10-18 18:09:00,55.0,669,Left
670,2022-10-18 18:10:00,55.0,670,Left
671,2022-10-18 18:11:00,55.0,671,Left
672,2022-10-18 18:12:00,55.0,672,Left
673,2022-10-18 18:13:00,55.0,673,Left
674,2022-10-18 18:14:00,55.0,674,Left
675,2022-10-18 18:15:00,55.0,675,Left
676,2022-10-18 18:16:00,55.0,676,Left
677,2022-10-18 18:17:00,55.0,677,Left
678,2022-10-18 18:18:00,55.0,678,Left
679,2022-10-18 18:19:00,55.0,679,Left
680,2022-10-18 18:20:00,55.0,680,Left
681,2022-10-18 18:21:00,55.0,681,Left
682,2022-10-18 18:22:00,55.0,682,Left
683,2022-10-18 18:23:00,55.0,683,Left
684,2022-10-18 18:24:00,55.0,684,Left
685,2022-10-18 18:25:00,55.0,685,Left
686,2022-10-18 18:26:00,55.0,686,Left
687,2022-10-18 18:27:00,55.0,687,Left
688,2022-10-18 18:28:00,55.0,688,Left
689,2022-10-18 18:29:00,55.0,689,Left
690,2022-10-18 18:30:00,55.0,690,Left
691,2022-10-18 18:31:00,55.0,691,Left
692,2022-10-18 18:32:00,55.0,692,Left
693,2022-10-18 18:33:00,55.0,693,Left
694,2022-10-18 18:34:00,55.0,694,Left
695,2022-10-18 18:35:00,55.0,695,Left
696,2022-10-18 18:36:00,55.0,696,Left
697,2022-10-18 18:37:00,55.0,697,Left
698,2022-10-18 18:38:00,55.0,698,Left
699,2022-10-18 18:39:00,55.0,699,Left
700,2022-10-18 18:40:00,55.0,700,Left
701,2022-10-18 18:41:00,55.0,701,Left
702,2022-10-18 18:42:00,55.0,702,Left
703,2022-10-18 18:43:00,55.0,703,Left
704,2022-10-18 18:44:00,55.0,704,Left
705,2022-10-18 18:45:00,55.0,705,Left
706,2022-10-18 18:46:00,55.0,706,Left
707,2022-10-18 18:47:00,55.0,707,Left
708,2022-10-18 18:48:00,55.0,708,Left
709,2022-10-18 18:49:00,55.0,709,Left
710,2022-10-18 18:50:00,55.0,710,Left
711,2022-10-18 18:51:00,55.0,711,Left
712,2022-10-18 18:52:00,55.0,712,Left
713,2022-10-18 18:53:00,55.0,713,Left
714,2022-10-18 18:54:00,55.0,714,Left
715,2022-10-18 18:55:00,55.0,715,Left
716,2022-10-18 18:56:00,55.0,716,Left
717,2022-10-18 18:57:00,55.0,717,Left
718,2022-10-18 18:58:00,55.0,718,Left
719,2022-10-18 18:59:00,55.0,719,Left
720,2022-10-18 19:00:00,55.0,720,Left
721,2022-10-18 19:01:00,55.0,721,Left
722,2022-10-18 19:02:00,55.0,722,Left
723,2022-10-18 19:03:00,55.0,723,Left
724,2022-10-18 19:04:00,55.0,724,Left
725,2022-10-18 19:05:00,55.0,725,Left
726,2022-10-18 19:06:00,55.0,726,Left
727,2022-10-18 19:07:00,55.0,727,Left
728,2022-10-18 19:08:00,55.0,728,Left
729,2022-10-18 19:09:00,55.0,729,Left
730,2022-10-18 19:10:00,55.0,730,Left
731,2022-10-18 19:11:00,55.0,731,Left
732,2022-10-18 19:12:00,55.0,732,Left
733,2022-10-18 19:13:00,55.0,733,Left
734,2022-10-18 19:14:00,55.0,734,Left
735,2022-10-18 19:15:00,55.0,735,Left
736,2022-10-18 19:16:00,55.0,736,Left
737,2022-10-18 19:17:00,55.0,737,Left
738,2022-10-18 19:18:00,55.0,738,Left
739,2022-10-18 19:19:00,55.0,739,Left
740,2022-10-18 19:20:00,55.0,740,Left
741,2022-10-18 19:21:00,55.0,741,Left
742,2022-10-18 19:22:00,55.0,742,Left
743,2022-10-18 19:23:00,55.0,743,Left
744,2022-10-18 19:24:00,55.0,744,Left
745,2022-10-18 19:25:00,55.0,745,Left
746,2022-10-18 19:26:00,55.0,746,Left
747,2022-10-18 19:27:00,55.0,747,Left
748,2022-10-18 19:28:00,55.0,748,Left
749,2022-10-18 19:29:00,55.0,749,Left
750,2022-10-18 19:30:00,55.0,750,Left
751,2022-10-18 19:31:00,55.0,751,Left
752,2022-10-18 19:32:00,55.0,752,Left
753,2022-10-18 19:33:00,55.0,753,Left
754,2022-10-18 19:34:00,55.0,754,Left
755,2022-10-18 19:35:00,55.0,755,Left
756,2022-10-18 19:36:00,55.0,756,Left
757,2022-10-18 19:37:00,55.0,757,Left
758,2022-10-18 19:38:00,55.0,758,Left
759,2022-10-18 19:39:00,55.0,759,Left
760,2022-10-18 19:40:00,55.0,760,Left
761,2022-10-18 19:41:00,55.0,761,Left
762,2022-10-18 19:42:00,55.0,762,Left
763,2022-10-18 19:43:00,55.0,763,Left
764,2022-10-18 19:44:00,55.0,764,Left
765,2022-10-18 19:45:00,55.0,765,Left
766,2022-10-18 19:46:00,55.0,766,Left
767,2022-10-18 19:47:00,55.0,767,Left
768,2022-10-18 19:48:00,55.0,768,Left
769,2022-10-18 19:49:00,55.0,769,Left
770,2022-10-18 19:50:00,55.0,770,Left
771,2022-10-18 19:51:00,55.0,771,Left
772,2022-10-18 19:52:00,55.0,772,Left
773,2022-10-18 19:53:00,55.0,773,Left
774,2022-10-18 19:54:00,55.0,774,Left
775,2022-10-18 19:55:00,55.0,775,Left
776,2022-10-18 19:56:00,55.0,776,Left
777,2022-10-18 19:57:00,55.0,777,Left
778,2022-10-18 19:58:00,55.0,778,Left
779,2022-10-18 19:59:00,55.0,779,Left
780,2022-10-18 20:00:00,55.0,780,Left
781,2022-10-18 20:01:00,55.0,781,Left
782,2022-10-18 20:02:00,55.0,782,Left
783,2022-10-18 20:03:00,55.0,783,Left
784,2022-10-18 20:04:00,55.0,784,Left
785,2022-10-18 20:05:00,55.0,785,Left
786,2022-10-18 20:06:00,55.0,786,Left
787,2022-10-18 20:07:00,55.0,787,Left
788,2022-10-18 20:08:00,55.0,788,Left
789,2022-10-18 20:09:00,55.0,789,Left
790,2022-10-18 20:10:00,55.0,790,Left
791,2022-10-18 20:11:00,55.0,791,Left
792,2022-10-18 20:12:00,55.0,792,Left
793,2022-10-18 20:13:00,55.0,793,Left
794,2022-10-18 20:14:00,55.0,794,Left
795,2022-10-18 20:15:00,55.0,795,Left
796,2022-10-18 20:16:00,55.0,796,Left
797,2022-10-18 20:17:00,55.0,797,Left
798,2022-10-18 20:18:00,55.0,798,Left
799,2022-10-18 20:19:00,55.0,799,Left
800,2022-10-18 20:20:00,55.0,800,Left
801,2022-10-18 20:21:00,55.0,801,Left
802,2022-10-18 20:22:00,55.0,802,Left
803,2022-10-18 20:23:00,55.0,803,Left
804,2022-10-18 20:24:00,55.0,804,Left
805,2022-10-18 20:25:00,55.0,805,Left
806,2022-10-18 20:26:00,55.0,806,Left
807,2022-10-18 20:27:00,55.0,807,Left
808,2022-10-18 20:28:00,55.0,808,Left
809,2022-10-18 20:29:00,55.0,809,Left
810,2022-10-18 20:30:00,55.0,810,Left
811,2022-10-18 20:31:00,55.0,811,Left
812,2022-10-18 20:32:00,55.0,812,Left
813,2022-10-18 20:33:00,55.0,813,Left
814,2022-10-18 20:34:00,55.0,814,Left
815,2022-10-18 20:35:00,55.0,815,Left
816,2022-10-18 20:36:00,55.0,816,Left
817,2022-10-18 20:37:00,55.0,817,Left
818,2022-10-18 20:38:00,55.0,818,Left
819,2022-10-18 20:39:00,55.0,819,Left
820,2022-10-18 20:40:00,55.0,820,Left
821,2022-10-18 20:41:00,55.0,821,Left
822,2022-10-18 20:42:00,55.0,822,Left
823,2022-10-18 20:43:00,55.0,823,Left
824,2022-10-18 20:44:00,55.0,824,Left
825,2022-10-18 20:45:00,55.0,825,Left
826,2022-10-18 20:46:00,55.0,826,Left
827,2022-10-18 20:47:00,55.0,827,Left
828,2022-10-18 20:48:00,55.0,828,Left
829,2022-10-18 20:49:00,55.0,829,Left
830,2022-10-18 20:50:00,55.0,830,Left
831,2022-10-18 20:51:00,55.0,831,Left
832,2022-10-18 20:52:00,55.0,832,Left
833,2022-10-18 20:53:00,55.0,833,Left
834,2022-10-18 20:54:00,55.0,834,Left
835,2022-10-18 20:55:00,55.0,835,Left
836,2022-10-18 20:56:00,55.0,836,Left
837,2022-10-18 20:57:00,55.0,837,Left
838,2022-10-18 20:58:00,55.0,838,Left
839,2022-10-18 20:59:00,55.0,839,Left
840,2022-10-18 21:00:00,55.0,840,Left
841,2022-10-18 21:01:00,55.0,841,Left
842,2022-10-18 21:02:00,55.0,842,Left
843,2022-10-18 21:03:00,55.0,843,Left
844,2022-10-18 21:04:00,55.0,844,Left
845,2022-10-18 21:05:00,55.0,845,Left
846,2022-10-18 21:06:00,55.0,846,Left
847,2022-10-18 21:07:00,55.0,847,Left
848,2022-10-18 21:08:00,55.0,848,Left
849,2022-10-18 21:09:00,55.0,849,Left
850,2022-10-18 21:10:00,55.0,850,Left
851,2022-10-18 21:11:00,55.0,851,Left
852,2022-10-18 21:12:00,55.0,852,Left
853,2022-10-18 21:13:00,55.0,853,Left
854,2022-10-18 21:14:00,55.0,854,Left
855,2022-10-18 21:15:00,55.0,855,Left
856,2022-10-18 21:16:00,55.0,856,Left
857,2022-10-18 21:17:00,55.0,857,Left
858,2022-10-18 21:18:00,55.0,858,Left
859,2022-10-18 21:19:00,55.0,859,Left
860,2022-10-18 21:20:00,55.0,860,Left
861,2022-10-18 21:21:00,55.0,861,Left
862,2022-10-18 21:22:00,55.0,862,Left
863,2022-10-18 21:23:00,55.0,863,Left
864,2022-10-18 21:24:00,55.0,864,Left
865,2022-10-18 21:25:00,55.0,865,Left
866,2022-10-18 21:26:00,55.0,866,Left
867,2022-10-18 21:27:00,55.0,867,Left
868,2022-10-18 21:28:00,55.0,868,Left
869,2022-10-18 21:29:00,55.0,869,Left
870,2022-10-18 21:30:00,55.0,870,Left
871,2022-10-18 21:31:00,55.0,871,Left
872,2022-10-18 21:32:00,55.0,872,Left
873,2022-10-18 21:33:00,55.0,873,Left
874,2022-10-18 21:34:00,55.0,874,Left
875,2022-10-18 21:35:00,55.0,875,Left
876,2022-10-18 21:36:00,55.0,876,Left
877,2022-10-18 21:37:00,55.0,877,Left
878,2022-10-18 21:38:00,55.0,878,Left
879,2022-10-18 21:39:00,55.0,879,Left
880,2022-10-18 21:40:00,55.0,880,Left
881,2022-10-18 21:41:00,55.0,881,Left
882,2022-10-18 21:42:00,55.0,882,Left
883,2022-10-18 21:43:00,55.0,883,Left
884,2022-10-18 21:44:00,55.0,884,Left
885,2022-10-18 21:45:00,55.0,885,Left
886,2022-10-18 21:46:00,55.0,886,Left
887,2022-10-18 21:47:00,55.0,887,Left
888,2022-10-18 21:48:00,55.0,888,Left
889,2022-10-18 21:49:00,55.0,889,Left
890,2022-10-18 21:50:00,55.0,890,Left
891,2022-10-18 21:51:00,55.0,891,Left
892,2022-10-18 21:52:00,55.0,892,Left
893,2022-10-18 21:53:00,55.0,893,Left
894,2022-10-18 21:54:00,55.0,894,Left
895,2022-10-18 21:55:00,55.0,895,Left
